{
  "hash": "fadaa8f3",
  "configHash": "fc5b2952",
  "lockfileHash": "bc28f1ad",
  "browserHash": "cc6262b9",
  "optimized": {
    "@angular/common": {
      "src": "../../../../../../node_modules/@angular/common/fesm2022/common.mjs",
      "file": "@angular_common.js",
      "fileHash": "f0284c7e",
      "needsInterop": false
    },
    "@angular/core": {
      "src": "../../../../../../node_modules/@angular/core/fesm2022/core.mjs",
      "file": "@angular_core.js",
      "fileHash": "a3183cca",
      "needsInterop": false
    },
    "@angular/platform-browser": {
      "src": "../../../../../../node_modules/@angular/platform-browser/fesm2022/platform-browser.mjs",
      "file": "@angular_platform-browser.js",
      "fileHash": "0f6a2e6d",
      "needsInterop": false
    },
    "@angular/platform-server": {
      "src": "../../../../../../node_modules/@angular/platform-server/fesm2022/platform-server.mjs",
      "file": "@angular_platform-server.js",
      "fileHash": "29d9e180",
      "needsInterop": false
    },
    "@angular/router": {
      "src": "../../../../../../node_modules/@angular/router/fesm2022/router.mjs",
      "file": "@angular_router.js",
      "fileHash": "cbc0cf8a",
      "needsInterop": false
    },
    "@angular/ssr": {
      "src": "../../../../../../node_modules/@angular/ssr/fesm2022/ssr.mjs",
      "file": "@angular_ssr.js",
      "fileHash": "8dc1fc08",
      "needsInterop": false
    },
    "@angular/ssr/node": {
      "src": "../../../../../../node_modules/@angular/ssr/fesm2022/node.mjs",
      "file": "@angular_ssr_node.js",
      "fileHash": "04b34b63",
      "needsInterop": false
    },
    "express": {
      "src": "../../../../../../node_modules/express/index.js",
      "file": "express.js",
      "fileHash": "2ab4654b",
      "needsInterop": true
    }
  },
  "chunks": {
    "xhr2-GQGQZVNL": {
      "file": "xhr2-GQGQZVNL.js"
    },
    "chunk-MO6TNKEA": {
      "file": "chunk-MO6TNKEA.js"
    },
    "chunk-2WUPNKOT": {
      "file": "chunk-2WUPNKOT.js"
    },
    "chunk-2Z6ZEWZK": {
      "file": "chunk-2Z6ZEWZK.js"
    },
    "chunk-KFZE6N3R": {
      "file": "chunk-KFZE6N3R.js"
    },
    "chunk-NECNUVGI": {
      "file": "chunk-NECNUVGI.js"
    },
    "chunk-2WEG6AH4": {
      "file": "chunk-2WEG6AH4.js"
    },
    "chunk-YHCV7DAQ": {
      "file": "chunk-YHCV7DAQ.js"
    }
  }
}