{
  "hash": "cf004016",
  "configHash": "a1528d82",
  "lockfileHash": "bc28f1ad",
  "browserHash": "c399838f",
  "optimized": {
    "@angular/common": {
      "src": "../../../../../../node_modules/@angular/common/fesm2022/common.mjs",
      "file": "@angular_common.js",
      "fileHash": "f3f340bc",
      "needsInterop": false
    },
    "@angular/core": {
      "src": "../../../../../../node_modules/@angular/core/fesm2022/core.mjs",
      "file": "@angular_core.js",
      "fileHash": "ac976a62",
      "needsInterop": false
    },
    "@angular/platform-browser": {
      "src": "../../../../../../node_modules/@angular/platform-browser/fesm2022/platform-browser.mjs",
      "file": "@angular_platform-browser.js",
      "fileHash": "b7d9ac29",
      "needsInterop": false
    },
    "@angular/router": {
      "src": "../../../../../../node_modules/@angular/router/fesm2022/router.mjs",
      "file": "@angular_router.js",
      "fileHash": "e2bfb157",
      "needsInterop": false
    }
  },
  "chunks": {
    "chunk-IWHCIHWF": {
      "file": "chunk-IWHCIHWF.js"
    },
    "chunk-M357ZAX4": {
      "file": "chunk-M357ZAX4.js"
    },
    "chunk-H26CFUZX": {
      "file": "chunk-H26CFUZX.js"
    }
  }
}